CHANGES.rst
LICENSE
MANIFEST.in
README.rst
example_settings.py
setup.py
wsgi.py
planb/__init__.py
planb/__main__.py
planb/admin.py
planb/apps.py
planb/backends.py
planb/checks.py
planb/default_settings.py
planb/factories.py
planb/forms.py
planb/models.py
planb/monkeypatch.py
planb/signals.py
planb/tasks.py
planb/transport.py
planb/urls.py
planb/utils.py
planb/views.py
planb.egg-info/PKG-INFO
planb.egg-info/SOURCES.txt
planb.egg-info/dependency_links.txt
planb.egg-info/entry_points.txt
planb.egg-info/requires.txt
planb.egg-info/top_level.txt
planb/common/__init__.py
planb/common/customyaml.py
planb/common/fields.py
planb/common/human.py
planb/common/log2.py
planb/common/subprocess2.py
planb/common/test_subprocess2.py
planb/common/templatetags/__init__.py
planb/common/templatetags/rst.py
planb/contrib/__init__.py
planb/contrib/billing.py
planb/fixtures/planb_jobs.xml
planb/management/__init__.py
planb/management/base.py
planb/management/commands/__init__.py
planb/management/commands/bclone.py
planb/management/commands/blist.py
planb/management/commands/bqcluster.py
planb/management/commands/bqueueall.py
planb/management/commands/bqueueflush.py
planb/management/commands/breport.py
planb/management/commands/bstats.py
planb/management/commands/confexport.py
planb/management/commands/slist.py
planb/migrations/0001_initial.py
planb/migrations/0002_hostconfig_add_description.py
planb/migrations/0003_auto_20170710_1814.py
planb/migrations/0004_refactor_transportfield.py
planb/migrations/0005_add_backuprun.py
planb/migrations/0006_last_monthly_report.py
planb/migrations/0007_first_and_last_fail.py
planb/migrations/0008_average_duration.py
planb/migrations/0009_rename_total_size_mb.py
planb/migrations/0010_drop_keep_booleans.py
planb/migrations/0011_hostconfig_to_fileset.py
planb/migrations/0012_drop_rsync_config.py
planb/migrations/0013_optional_dutree_and_is_booleans.py
planb/migrations/0014_add_backuprun_attributes.py
planb/migrations/0015_fileset_storage.py
planb/migrations/0016_auto_20200505_1619.py
planb/migrations/0017_migrate_retention.py
planb/migrations/0018_auto_20200505_1638.py
planb/migrations/0019_add_fileset_tags.py
planb/migrations/0020_backuprun_snapshot_name.py
planb/migrations/__init__.py
planb/static/planb/css/report.css
planb/static/planb/js/jquery-postlink.js
planb/storage/__init__.py
planb/storage/base.py
planb/storage/dummy.py
planb/storage/tests.py
planb/storage/zfs.py
planb/templates/admin/base_site.html
planb/templates/admin/planb/fileset/change_form.html
planb/templates/monkeypatch/technical_500.txt
planb/templates/monkeypatch/technical_500_altered.txt
planb/templates/planb/report_email_body.txt
planb/templatetags/planb.py
planb/tests/__init__.py
planb/tests/base.py
planb/tests/test_commands.py
planb/tests/test_interface.py
planb/tests/test_models.py
planb/tests/test_tasks.py
planb/transport_exec/__init__.py
planb/transport_exec/admin.py
planb/transport_exec/apps.py
planb/transport_exec/factories.py
planb/transport_exec/models.py
planb/transport_exec/tests.py
planb/transport_exec/migrations/0001_initial.py
planb/transport_exec/migrations/0002_auto_20200512_1700.py
planb/transport_exec/migrations/0003_allow_larger_commands.py
planb/transport_exec/migrations/__init__.py
planb/transport_exec/templates/admin/transport_exec/config/change_form.html
planb/transport_rsync/__init__.py
planb/transport_rsync/admin.py
planb/transport_rsync/apps.py
planb/transport_rsync/factories.py
planb/transport_rsync/models.py
planb/transport_rsync/rsync.py
planb/transport_rsync/migrations/0001_initial.py
planb/transport_rsync/migrations/0002_import_fileset.py
planb/transport_rsync/migrations/0003_rm_fileset_ref.py
planb/transport_rsync/migrations/0004_auto_20200512_1700.py
planb/transport_rsync/migrations/0005_change_rsync_default.py
planb/transport_rsync/migrations/__init__.py
planb/transport_rsync/templates/admin/transport_rsync/config/change_form.html
rc.d/planb-queue-dutree.service
rc.d/planb-queue.service